Vienna, Berlin
Vienna, Rome
Berlin, Vienna
Berlin, Paris
Paris, Berlin
Rome, Vienna
Tokyo, Kobe
Tokyo, Niigata
Kobe, Tokyo
Kobe, Fukuoka
Fukuoka, Kobe
Fukuoka, Okayama
Okayama, Fukuoka
Niigata, Tokyo
Vienna, Vienna
Vienna, Paris
Berlin, Berlin
Berlin, Rome
Paris, Vienna
Paris, Paris
Rome, Berlin
Rome, Rome
Tokyo, Tokyo
Tokyo, Fukuoka
Kobe, Kobe
Kobe, Okayama
Kobe, Niigata
Fukuoka, Tokyo
Fukuoka, Fukuoka
Okayama, Kobe
Okayama, Okayama
Niigata, Kobe
Niigata, Niigata
Paris, Rome
Rome, Paris
Tokyo, Okayama
Fukuoka, Niigata
Okayama, Tokyo
Niigata, Fukuoka
Okayama, Niigata
Niigata, Okayama
