berlin,paris
fukuoka,okayama
kobe,fukuoka
niigata,tokyo
tokyo,kobe
vienna,berlin
vienna,rome
rome,vienna
berlin,vienna
kobe,tokyo
tokyo,niigata
fukuoka,kobe
okayama,fukuoka
paris,berlin
paris,paris
paris,vienna
okayama,okayama
okayama,kobe
fukuoka,fukuoka
fukuoka,tokyo
tokyo,tokyo
kobe,kobe
kobe,niigata
berlin,berlin
berlin,rome
rome,berlin
rome,rome
vienna,vienna
vienna,paris
tokyo,fukuoka
niigata,kobe
niigata,niigata
kobe,okayama
niigata,fukuoka
tokyo,okayama
rome,paris
fukuoka,niigata
okayama,tokyo
paris,rome
okayama,niigata
niigata,okayama
