Vienna,Vienna
Vienna,Berlin
Vienna,Rome
Vienna,Paris
Berlin,Vienna
Berlin,Berlin
Berlin,Rome
Berlin,Paris
Rome,Vienna
Rome,Berlin
Rome,Rome
Rome,Paris
Paris,Vienna
Paris,Berlin
Paris,Rome
Paris,Paris
Tokyo,Tokyo
Tokyo,Kobe
Tokyo,Fukuoka
Tokyo,Okayama
Tokyo,Niigata
Kobe,Tokyo
Kobe,Kobe
Kobe,Fukuoka
Kobe,Okayama
Kobe,Niigata
Fukuoka,Tokyo
Fukuoka,Kobe
Fukuoka,Fukuoka
Fukuoka,Okayama
Fukuoka,Niigata
Okayama,Tokyo
Okayama,Kobe
Okayama,Fukuoka
Okayama,Okayama
Okayama,Niigata
Niigata,Tokyo
Niigata,Kobe
Niigata,Fukuoka
Niigata,Okayama
Niigata,Niigata
